race_id,date,tour,category,planet,track,pilot,position,time_ms,vehicle
GR-001,2026-10-07,Tour 01,Race,Sentinel One,Caustic Fields,Fola Kanjen,1,147820,
GR-001,2026-10-07,Tour 01,Race,Sentinel One,Caustic Fields,Goli & 02-R0,2,148140,
GR-001,2026-10-07,Tour 01,Race,Sentinel One,Caustic Fields,Nik Skandaro,3,148270,
GR-001,2026-10-07,Tour 01,Race,Sentinel One,Caustic Fields,Soren Zaks,4,148470,
GR-001,2026-10-07,Tour 01,Race,Sentinel One,Caustic Fields,Ary Quill,5,148550,
GR-001,2026-10-07,Tour 01,Race,Sentinel One,Caustic Fields,Biddy Blas,6,149420,
GR-001,2026-10-07,Tour 01,Race,Sentinel One,Caustic Fields,Malis Vazosk,7,149890,
GR-001,2026-10-07,Tour 01,Race,Sentinel One,Caustic Fields,Lyren Shok,8,152530,
GR-001,2026-10-07,Tour 01,Race,Sentinel One,Caustic Fields,Shade,9,152600,Skim speeder
GR-001,2026-10-07,Tour 01,Race,Sentinel One,Caustic Fields,Sen Fira,10,158310,
GR-001,2026-10-07,Tour 01,Race,Sentinel One,Caustic Fields,Katja Mox,11,159890,
GR-001,2026-10-07,Tour 01,Race,Sentinel One,Caustic Fields,Griff Halloran,12,160390,
